model,useful,redundant,no_search,distractor,other,correct,useful_red,num_cases,num_samples
Base Qwen,0.3752874900169522,0.1366166412574947,0.0,0.48809586872555305,0.0,0.5119041312744469,0.23867084875945752,4,8
reward_tpo LoRA,0.5,0.37354855830590067,0.0,0.12645144169409933,0.0,0.8735485583059006,0.12645144169409933,4,8
prefixig_tpo LoRA,0.6515558031148659,0.0,0.0,0.34844419688513406,0.0,0.6515558031148659,0.6515558031148659,4,8
prefixig_tpo_rg_eff LoRA,0.6306604703736395,0.3693395296263605,0.0,0.0,0.0,1.0,0.26132094074727896,4,8
atgpo_proxy LoRA,1.0,0.0,0.0,0.0,0.0,1.0,1.0,4,8
