model,useful,redundant,no_search,distractor,other,correct,useful_red,num_cases,num_samples
Base Qwen,0.0,0.0,0.0,1.0000000000000004,0.0,0.0,0.0,5,10
reward_tpo LoRA,0.0,0.0,0.0,1.0,0.0,0.0,0.0,5,10
prefixig_tpo LoRA,0.11076708413073896,0.0,0.0,0.8892329158692611,0.0,0.11076708413073896,0.11076708413073896,5,10
prefixig_tpo_rg_eff LoRA,0.0,0.0,0.0,1.0,0.0,0.0,0.0,5,10
atgpo_proxy LoRA,0.08978291142101695,0.0,0.0,0.9102170885789829,0.0,0.08978291142101695,0.08978291142101695,5,10
