model,useful,redundant,no_search,distractor,other,correct,useful_red,num_cases,num_samples
Base Qwen,0.17405289871976545,0.0,0.0,0.8259471012802345,0.0,0.17405289871976545,0.17405289871976545,5,10
reward_tpo LoRA,0.6,0.4,0.0,0.0,0.0,1.0,0.19999999999999996,5,10
prefixig_tpo LoRA,0.914247253023839,0.0,0.0,0.08575274697616111,0.0,0.914247253023839,0.914247253023839,5,10
atgpo_proxy LoRA,0.8005152222898724,0.0,0.0,0.19948477771012757,0.0,0.8005152222898724,0.8005152222898724,5,10
prefixig_tpo_mixedhop LoRA,0.30520226866720757,0.0,0.0,0.6947977313327923,0.0,0.30520226866720757,0.30520226866720757,5,10
prefixig_tpo_mixedhop_noisy LoRA,1.0,0.0,0.0,0.0,0.0,1.0,1.0,5,10
atgpo_proxy_mixedhop_noisy LoRA,0.8,0.0,0.0,0.2,0.0,0.8,0.8,5,10
