model,useful,redundant,no_search,distractor,other,correct,useful_red,num_cases,num_samples
Base Qwen,0.09347834159555965,0.0,0.0,0.9065216584044403,0.0,0.09347834159555965,0.09347834159555965,5,10
reward_tpo LoRA,0.2,0.4,0.0,0.4,0.0,0.6000000000000001,-0.2,5,10
prefixig_tpo LoRA,0.5051171942829902,0.2,0.0,0.2948828057170098,0.0,0.7051171942829901,0.30511719428299017,5,10
atgpo_proxy LoRA,0.4,0.19628484488298184,0.0,0.4037151551170182,0.0,0.5962848448829818,0.20371515511701818,5,10
prefixig_tpo_mixedhop_noisy LoRA,0.8,0.0,0.0,0.2,0.0,0.8,0.8,5,10
atgpo_proxy_mixedhop_noisy LoRA,0.8,0.0,0.0,0.2,0.0,0.8,0.8,5,10
