model,useful,redundant,no_search,distractor,other,correct,useful_red,num_cases,num_samples
Base Qwen,0.17405289871976545,0.0,0.0,0.8259471012802345,0.0,0.17405289871976545,0.17405289871976545,5,10
reward_tpo LoRA,0.6,0.4,0.0,0.0,0.0,1.0,0.19999999999999996,5,10
prefixig_tpo LoRA,0.914247253023839,0.0,0.0,0.08575274697616111,0.0,0.914247253023839,0.914247253023839,5,10
prefixig_tpo_rg_eff LoRA,0.39078277447523885,0.3071870950004005,0.0,0.30203013052436056,0.0,0.6979698694756393,0.08359567947483837,5,10
atgpo_proxy LoRA,0.8005152222898724,0.0,0.0,0.19948477771012757,0.0,0.8005152222898724,0.8005152222898724,5,10
