model,useful,redundant,no_search,distractor,other,correct,useful_red,num_cases,num_samples
Base Qwen,0.7239872945755566,0.2,0.0,0.07601270542444355,0.0,0.9239872945755565,0.5239872945755566,5,10
reward_tpo LoRA,0.8,0.2,0.0,0.0,0.0,1.0,0.6000000000000001,5,10
prefixig_tpo LoRA,0.38205371508469976,0.6179462849153003,0.0,0.0,0.0,1.0,-0.23589256983060058,5,10
prefixig_tpo_rg_eff LoRA,0.10201990359396831,0.8979800964060317,0.0,0.0,0.0,1.0,-0.7959601928120634,5,10
atgpo_proxy LoRA,0.9018419926693619,0.09815800733063809,0.0,0.0,0.0,1.0,0.8036839853387239,5,10
prefixig_tpo_mixedhop LoRA,1.0,0.0,0.0,0.0,0.0,1.0,1.0,5,10
atgpo_proxy_mixedhop LoRA,0.2150822391821634,0.6072778605280166,0.0,0.17763990028982,0.0,0.82236009971018,-0.3921956213458532,5,10
