model,useful,redundant,no_search,distractor,other,correct,useful_red,num_cases,num_samples
weighted-SFT,0.8,0.2,0.0,0.0,0.0,1.0,0.6000000000000001,5,10
A-TGPO proxy,0.5255438281379019,0.0,0.0,0.47445617186209815,0.0,0.5255438281379019,0.5255438281379019,5,10
online PrefixIG-TPO+anchor,0.6977556870328415,0.2,0.0,0.1022443129671585,0.0,0.8977556870328416,0.4977556870328415,5,10
