model,useful,redundant,no_search,distractor,other,correct,useful_red,num_cases,num_samples
PrefixIG-TPO weighted-SFT,1.0,0.0,0.0,0.0,0.0,1.0,1.0,5,10
PrefixIG-TPO true-TPO scratch,0.18978551651408798,0.0,0.0,0.7027314876584716,0.10748299582744036,0.18978551651408798,0.18978551651408798,5,10
PrefixIG-TPO SFT-warm true-TPO,0.33337164463991026,0.0,0.0,0.6666283553600898,0.0,0.33337164463991026,0.33337164463991026,5,10
