model,useful,redundant,no_search,distractor,other,correct,useful_red,num_cases,num_samples
weighted-SFT,0.8,0.0,0.0,0.2,0.0,0.8,0.8,5,10
true-TPO scratch,0.0,0.0,0.0,0.584850986521347,0.41514901347865285,0.0,0.0,5,10
SFT-warm true-TPO,0.3373220175298727,0.08182076459068335,0.0,0.580857217879444,0.0,0.419142782120556,0.25550125293918935,5,10
KL-anchored TPO,0.0,0.29666073609356036,0.0,0.7033392639064396,0.0,0.29666073609356036,-0.29666073609356036,5,10
