method,seed,episode,loss,reward,useful_correct,redundant_correct,no_search_correct,distractor_wrong,useful_minus_redundant,avg_prefix_ig,avg_redundancy_penalty
prefixig_grpo_turn_norm,0,1,-0.09530249238014221,0.09375,0.0,0.0,0.0,0.125,0.0,2.2351741790771484e-08,0.6875
prefixig_grpo_turn_norm,0,2,-0.09517614543437958,0.15625,0.03125,0.0,0.0,0.1875,0.03125,-1.1175870895385742e-08,0.7890625
prefixig_grpo_turn_norm,0,3,-0.06493841111660004,0.1875,0.03125,0.09375,0.0,0.03125,-0.0625,-7.450580596923828e-09,0.8828125
prefixig_atgpo,0,1,-0.026671992614865303,0.09375,0.0,0.0,0.0,0.125,0.0,0.0019510462880134583,0.6796875
prefixig_atgpo,0,2,-0.018825750797986984,0.15625,0.03125,0.0,0.0,0.125,0.03125,-0.01557845901697874,0.9140625
prefixig_atgpo,0,3,-0.021976511925458908,0.1875,0.0,0.125,0.0,0.03125,-0.125,-0.04680350422859192,0.953125
